ID,title,url,handle,statuscode
148292239656,Alquiler Autos Avis | Edimburgo,https://holacarrentals.com/es/pages/alquiler-autos-avis-edimburgo-edi,alquiler-autos-avis-edimburgo-edi,404
148292272424,Alquiler Autos Dollar | Edimburgo,https://holacarrentals.com/es/pages/alquiler-autos-dollar-edimburgo-edi,alquiler-autos-dollar-edimburgo-edi,404
148292337960,Alquiler Autos Payless | Edimburgo,https://holacarrentals.com/es/pages/alquiler-autos-payless-edimburgo-edi,alquiler-autos-payless-edimburgo-edi,404
148293648680,Alquiler Autos Thrifty | Edimburgo,https://holacarrentals.com/es/pages/alquiler-autos-thrifty-edimburgo-edi,alquiler-autos-thrifty-edimburgo-edi,404
148293615912,Alquiler Coches Avis | Edimburgo,https://holacarrentals.com/es-es/pages/alquiler-coches-avis-edimburgo-edi,alquiler-coches-avis-edimburgo-edi,404
148294271272,Alquiler Coches Dollar | Edimburgo,https://holacarrentals.com/es-es/pages/alquiler-coches-dollar-edimburgo-edi,alquiler-coches-dollar-edimburgo-edi,404
148294566184,Alquiler Coches Payless | Edimburgo,https://holacarrentals.com/es-es/pages/alquiler-coches-payless-edimburgo-edi,alquiler-coches-payless-edimburgo-edi,404
148292534568,Alquiler Coches Thrifty | Edimburgo,https://holacarrentals.com/es-es/pages/alquiler-coches-thrifty-edimburgo-edi,alquiler-coches-thrifty-edimburgo-edi,404
148290961704,Aluguel Carros Dollar | Edinburgh,https://holacarrentals.com/pt/pages/aluguel-carros-dollar-edinburgh-edi,aluguel-carros-dollar-edinburgh-edi,404
148290994472,Aluguel Carros Payless | Edinburgh,https://holacarrentals.com/pt/pages/aluguel-carros-payless-edinburgh-edi,aluguel-carros-payless-edinburgh-edi,404
148293910824,Aluguel Carros Thrifty | Edinburgh,https://holacarrentals.com/pt/pages/aluguel-carros-thrifty-edinburgh-edi,aluguel-carros-thrifty-edinburgh-edi,404
148291223848,Dollar Car Rental | Edinburgh,https://holacarrentals.com/pages/dollar-car-rental-edinburgh-edi,dollar-car-rental-edinburgh-edi,404
148293058856,Dollar Mietwagen | Edinburgh,https://holacarrentals.com/de/pages/dollar-mietwagen-edinburgh-edi,dollar-mietwagen-edinburgh-edi,404
148291518760,Location Voiture Dollar | Edinburgh,https://holacarrentals.com/fr/pages/location-voiture-dollar-edinburgh-edi,location-voiture-dollar-edinburgh-edi,404
148291584296,Location Voiture Payless | Edinburgh,https://holacarrentals.com/fr/pages/location-voiture-payless-edinburgh-edi,location-voiture-payless-edinburgh-edi,404
148031340840,Alquiler Coches Avis | Saint Louis,https://holacarrentals.com/es-es/pages/alquiler-coches-avis-saint-louis-stl,alquiler-coches-avis-saint-louis-stl,404
148014268712,Alquiler Coches Alamo | Tennessee,https://holacarrentals.com/es-es/pages/alquiler-coches-alamo-tennessee-bna,alquiler-coches-alamo-tennessee-bna,404
145991205160,Aluguel Van | CBX,https://holacarrentals.com/pt/pages/aluguel-de-suvs-no-aeroporto-de-fort-lauderdale,aluguel-de-suvs-no-aeroporto-de-fort-lauderdale,404
153292013864,Aluguel Carros Avis | Colúmbia Britânica,https://holacarrentals.com/pt/pages/aluguel-carros-avis-columbia-britanica-yvr,aluguel-carros-avis-columbia-britanica-yvr,404
153292243240,Noleggio Auto Avis | Columbia Britannica,https://holacarrentals.com/it/pages/noleggio-auto-avis-columbia-britannica-yvr,noleggio-auto-avis-columbia-britannica-yvr,404
153291292968,Location Voiture Avis | Colombie-Britannique,https://holacarrentals.com/fr/pages/location-voiture-avis-colombie-britannique-yvr,location-voiture-avis-colombie-britannique-yvr,404
153249743144,Avis Mietwagen | Britisch-Kolumbien,https://holacarrentals.com/de/pages/avis-mietwagen-britisch-kolumbien-yvr,avis-mietwagen-britisch-kolumbien-yvr,404
144912417064,Car Hire | Downtown Miami Airport,https://holacarrentals.com/en-gb/pages/car-hire-airport-downtown-miami-dwn,car-hire-airport-downtown-miami-dwn,404
148294664488,Location Voiture Thrifty | Edinburgh,https://holacarrentals.com/fr/pages/location-voiture-thrifty-edinburgh-edi,location-voiture-thrifty-edinburgh-edi,404
153249349928,Alquiler Autos Avis | Columbia Británica,https://holacarrentals.com/es/pages/alquiler-autos-avis-columbia-britanica-yvr,alquiler-autos-avis-columbia-britanica-yvr,404
153249546536,Alquiler Coches Avis | Columbia Británica,https://holacarrentals.com/es-es/pages/alquiler-coches-avis-columbia-britanica-yvr,alquiler-coches-avis-columbia-britanica-yvr,404
148293353768,Noleggio Auto Dollar | Edinburgh,https://holacarrentals.com/it/pages/noleggio-auto-dollar-edinburgh-edi,noleggio-auto-dollar-edinburgh-edi,404
148293386536,Noleggio Auto Payless | Edinburgh,https://holacarrentals.com/it/pages/noleggio-auto-payless-edinburgh-edi,noleggio-auto-payless-edinburgh-edi,404
148291911976,Noleggio Auto Thrifty | Edinburgh,https://holacarrentals.com/it/pages/noleggio-auto-thrifty-edinburgh-edi,noleggio-auto-thrifty-edinburgh-edi,404
148293484840,Payless Car Rental | Edinburgh,https://holacarrentals.com/pages/payless-car-rental-edinburgh-edi,payless-car-rental-edinburgh-edi,404
148292043048,Payless Mietwagen | Edinburgh,https://holacarrentals.com/de/pages/payless-mietwagen-edinburgh-edi,payless-mietwagen-edinburgh-edi,404
148294697256,Thrifty Car Rental | Edinburgh,https://holacarrentals.com/pages/thrifty-car-rental-edinburgh-edi,thrifty-car-rental-edinburgh-edi,404
148292141352,Thrifty Mietwagen | Edinburgh,https://holacarrentals.com/de/pages/thrifty-mietwagen-edinburgh-edi,thrifty-mietwagen-edinburgh-edi,404
148293976360,Dollar Car Hire | Edinburgh,https://holacarrentals.com/en-gb/pages/dollar-car-hire-edinburgh-edi,dollar-car-hire-edinburgh-edi,404
148292010280,Payless Car Hire | Edinburgh,https://holacarrentals.com/en-gb/pages/payless-car-hire-edinburgh-edi,payless-car-hire-edinburgh-edi,404
148292108584,Thrifty Car Hire | Edinburgh,https://holacarrentals.com/en-gb/pages/thrifty-car-hire-edinburgh-edi,thrifty-car-hire-edinburgh-edi,404
148743618856,Car Rental | Spain Airport,https://holacarrentals.com/pages/car-rental-airport-spain,car-rental-airport-spain,404
148747551016,Alamo Mietwagen | Spanien,https://holacarrentals.com/de/pages/alamo-mietwagen-spanien,alamo-mietwagen-spanien,410
148744208680,Avis Mietwagen | Spanien,https://holacarrentals.com/de/pages/avis-mietwagen-spanien,avis-mietwagen-spanien,410
148746502440,Budget Mietwagen | Spanien,https://holacarrentals.com/de/pages/budget-mietwagen-spanien,budget-mietwagen-spanien,410
148744143144,Dollar Mietwagen | Spanien,https://holacarrentals.com/de/pages/dollar-mietwagen-spanien,dollar-mietwagen-spanien,410
148746469672,Enterprise Mietwagen | Spanien,https://holacarrentals.com/de/pages/enterprise-mietwagen-spanien,enterprise-mietwagen-spanien,410
148744175912,Hertz Mietwagen | Spanien,https://holacarrentals.com/de/pages/hertz-mietwagen-spanien,hertz-mietwagen-spanien,410
148746076456,Mietwagen | Flughafen Spanien,https://holacarrentals.com/de/pages/mietwagen-flughafen-spanien,mietwagen-flughafen-spanien,410
148744372520,Mietwagen | Spanien,https://holacarrentals.com/de/pages/mietwagen-spanien,mietwagen-spanien,410
148744044840,Minivan mieten | Spanien,https://holacarrentals.com/de/pages/minivan-mieten-spanien,minivan-mieten-spanien,410
148747223336,National Mietwagen | Spanien,https://holacarrentals.com/de/pages/national-mietwagen-spanien,national-mietwagen-spanien,410
148744241448,Payless Mietwagen | Spanien,https://holacarrentals.com/de/pages/payless-mietwagen-spanien,payless-mietwagen-spanien,410
148745748776,SUV mieten | Spanien,https://holacarrentals.com/de/pages/suv-mieten-spanien,suv-mieten-spanien,410
148745978152,Thrifty Mietwagen | Spanien,https://holacarrentals.com/de/pages/thrifty-mietwagen-spanien,thrifty-mietwagen-spanien,410
148744077608,VAN mieten | Spanien,https://holacarrentals.com/de/pages/van-mieten-spanien,van-mieten-spanien,410
148745945384,Location Voiture Alamo | Espagne,https://holacarrentals.com/fr/pages/location-voiture-alamo-espagne,location-voiture-alamo-espagne,404
148744503592,Location Voiture | Aéroport Espagne,https://holacarrentals.com/fr/pages/location-voiture-aeroport-espagne,location-voiture-aeroport-espagne,404
148745945384,Location Voiture Alamo | Espagne,https://holacarrentals.com/fr/pages/location-voiture-alamo-espagne,location-voiture-alamo-espagne,404
148744503592,Location Voiture | Aéroport Espagne,https://holacarrentals.com/fr/pages/location-voiture-aeroport-espagne,location-voiture-aeroport-espagne,404
148747485480,Aluguel Carros | Aeroporto Espanha,https://holacarrentals.com/pt/pages/aluguel-carros-aeroporto-espanha,aluguel-carros-aeroporto-espanha,404
145991270696,Aluguel Carros Enterprise | Estados Unidos,https://holacarrentals.com/pt/pages/aluguel-carros-enterprise-estados-unidos,aluguel-carros-enterprise-estados-unidos,404
148746141992,Alquiler Autos Alamo | España,https://holacarrentals.com/es/pages/alquiler-autos-alamo-espana,alquiler-autos-alamo-espana,404
148745126184,Alquiler Autos | Aeropuerto España,https://holacarrentals.com/es/pages/alquiler-autos-aeropuerto-espana,alquiler-autos-aeropuerto-espana,404
148745158952,Alquiler Coches Alamo | España,https://holacarrentals.com/es-es/pages/alquiler-coches-alamo-espana,alquiler-coches-alamo-espana,404
146270388520,Alquiler Coches Dollar | Londres,https://holacarrentals.com/es-es/pages/alquiler-coches-dollar-londres-lhr,alquiler-coches-dollar-londres-lhr,404
146270748968,Alquiler Coches Thrifty | Londres,https://holacarrentals.com/es-es/pages/alquiler-coches-thrifty-londres-lhr,alquiler-coches-thrifty-londres-lhr,404
148296335656,Alquiler Autos Dollar | Mánchester,https://holacarrentals.com/es/pages/alquiler-autos-dollar-manchester-man,alquiler-autos-dollar-manchester-man,404
148296401192,Alquiler Autos Payless | Mánchester,https://holacarrentals.com/es/pages/alquiler-autos-payless-manchester-man,alquiler-autos-payless-manchester-man,404
148297646376,Alquiler Autos Thrifty | Mánchester,https://holacarrentals.com/es/pages/alquiler-autos-thrifty-manchester-man,alquiler-autos-thrifty-manchester-man,404
148296499496,Alquiler Coches Alamo | Mánchester,https://holacarrentals.com/es-es/pages/alquiler-coches-alamo-manchester-man,alquiler-coches-alamo-manchester-man,404
148298334504,Alquiler Coches Dollar | Mánchester,https://holacarrentals.com/es-es/pages/alquiler-coches-dollar-manchester-man,alquiler-coches-dollar-manchester-man,404
148298629416,Alquiler Coches Payless | Mánchester,https://holacarrentals.com/es-es/pages/alquiler-coches-payless-manchester-man,alquiler-coches-payless-manchester-man,404
148296597800,Alquiler Coches Thrifty | Mánchester,https://holacarrentals.com/es-es/pages/alquiler-coches-thrifty-manchester-man,alquiler-coches-thrifty-manchester-man,404
148749877544,Alquiler Coches Alamo | Madrid,https://holacarrentals.com/es-es/pages/alquiler-coches-alamo-madrid-mad,alquiler-coches-alamo-madrid-mad,404
148035731752,Alquiler Coches Avis | Melbourne Orlando,https://holacarrentals.com/es-es/pages/alquiler-coches-avis-melbourne-mlb,alquiler-coches-avis-melbourne-mlb,404
145619419432,Alquiler Coches Alamo | Miami,https://holacarrentals.com/es-es/pages/alquiler-coches-alamo-miami-mia,alquiler-coches-alamo-miami-mia,404
153314623784,Alquiler Coches Alamo | Montreal,https://holacarrentals.com/es-es/pages/alquiler-coches-alamo-montreal-yul,alquiler-coches-alamo-montreal-yul,404
154977960232,Avis Car Hire | Sacramento,https://holacarrentals.com/en-gb/pages/avis-car-hire-sacramento-smf,avis-car-hire-sacramento-smf,404
148030816552,Avis Car Hire | Saint Louis,https://holacarrentals.com/en-gb/pages/avis-car-hire-saint-louis-stl,avis-car-hire-saint-louis-stl,404
153350668584,Noleggio Auto Alamo | Nuova Scozia,https://holacarrentals.com/it/pages/noleggio-auto-alamo-nuova-scozia-yhz,noleggio-auto-alamo-nuova-scozia-yhz,404
153350406440,Noleggio Auto Avis | Nuova Scozia,https://holacarrentals.com/it/pages/noleggio-auto-avis-nuova-scozia-yhz,noleggio-auto-avis-nuova-scozia-yhz,404
153349554472,Location Voiture Alamo | Nouvelle-Écosse,https://holacarrentals.com/fr/pages/location-voiture-alamo-nouvelle-ecosse-yhz,location-voiture-alamo-nouvelle-ecosse-yhz,404
153351356712,Location Voiture Avis | Nouvelle-Écosse,https://holacarrentals.com/fr/pages/location-voiture-avis-nouvelle-ecosse-yhz,location-voiture-avis-nouvelle-ecosse-yhz,404
153348210984,Alamo Mietwagen | Neuschottland,https://holacarrentals.com/de/pages/alamo-mietwagen-neuschottland-yhz,alamo-mietwagen-neuschottland-yhz,404
153347948840,Avis Mietwagen | Neuschottland,https://holacarrentals.com/de/pages/avis-mietwagen-neuschottland-yhz,avis-mietwagen-neuschottland-yhz,404
153350963496,Alquiler Autos Alamo | Nueva Escocia,https://holacarrentals.com/es/pages/alquiler-autos-alamo-nueva-escocia-yhz,alquiler-autos-alamo-nueva-escocia-yhz,404
153349521704,Alquiler Autos Avis | Nueva Escocia,https://holacarrentals.com/es/pages/alquiler-autos-avis-nueva-escocia-yhz,alquiler-autos-avis-nueva-escocia-yhz,404
153351946536,Alquiler Coches Alamo | Nueva Escocia,https://holacarrentals.com/es-es/pages/alquiler-coches-alamo-nueva-escocia-yhz,alquiler-coches-alamo-nueva-escocia-yhz,404
153349030184,Alquiler Coches Avis | Nueva Escocia,https://holacarrentals.com/es-es/pages/alquiler-coches-avis-nueva-escocia-yhz,alquiler-coches-avis-nueva-escocia-yhz,404
147998212392,Alquiler Coches Alamo | Oklahoma,https://holacarrentals.com/es-es/pages/alquiler-coches-alamo-oklahoma-okc,alquiler-coches-alamo-oklahoma-okc,404
148013744424,Alamo Car Hire | Tennessee,https://holacarrentals.com/en-gb/pages/alamo-car-hire-tennessee-bna,alamo-car-hire-tennessee-bna,404
152070357288,Alquiler Coches Avis | Quebec,https://holacarrentals.com/es-es/pages/alquiler-coches-avis-quebec-yqb,alquiler-coches-avis-quebec-yqb,404
148294992168,Aluguel Carros Dollar | Manchester,https://holacarrentals.com/pt/pages/aluguel-carros-dollar-manchester-man,aluguel-carros-dollar-manchester-man,404
148295024936,Aluguel Carros Payless | Manchester,https://holacarrentals.com/pt/pages/aluguel-carros-payless-manchester-man,aluguel-carros-payless-manchester-man,404
148297974056,Aluguel Carros Thrifty | Manchester,https://holacarrentals.com/pt/pages/aluguel-carros-thrifty-manchester-man,aluguel-carros-thrifty-manchester-man,404
148295352616,Dollar Car Rental | Manchester,https://holacarrentals.com/pages/dollar-car-rental-manchester-man,dollar-car-rental-manchester-man,404
148297154856,Dollar Mietwagen | Manchester,https://holacarrentals.com/de/pages/dollar-mietwagen-manchester-man,dollar-mietwagen-manchester-man,404
148295581992,Location Voiture Dollar | Manchester,https://holacarrentals.com/fr/pages/location-voiture-dollar-manchester-man,location-voiture-dollar-manchester-man,404
148295647528,Location Voiture Payless | Manchester,https://holacarrentals.com/fr/pages/location-voiture-payless-manchester-man,location-voiture-payless-manchester-man,404
148298727720,Location Voiture Thrifty | Manchester,https://holacarrentals.com/fr/pages/location-voiture-thrifty-manchester-man,location-voiture-thrifty-manchester-man,404
148297417000,Noleggio Auto Dollar | Manchester,https://holacarrentals.com/it/pages/noleggio-auto-dollar-manchester-man,noleggio-auto-dollar-manchester-man,404
148297449768,Noleggio Auto Payless | Manchester,https://holacarrentals.com/it/pages/noleggio-auto-payless-manchester-man,noleggio-auto-payless-manchester-man,404
154979533096,Alquiler Coches Avis | Sacramento,https://holacarrentals.com/es-es/pages/alquiler-coches-avis-sacramento-smf,alquiler-coches-avis-sacramento-smf,404
153315311912,Alquiler Coches Avis | Regina,https://holacarrentals.com/es-es/pages/alquiler-coches-avis-regina-yqr,alquiler-coches-avis-regina-yqr,404
148295975208,Noleggio Auto Thrifty | Manchester,https://holacarrentals.com/it/pages/noleggio-auto-thrifty-manchester-man,noleggio-auto-thrifty-manchester-man,404
148297548072,Payless Car Rental | Manchester,https://holacarrentals.com/pages/payless-car-rental-manchester-man,payless-car-rental-manchester-man,404
148296106280,Payless Mietwagen | Manchester,https://holacarrentals.com/de/pages/payless-mietwagen-manchester-man,payless-mietwagen-manchester-man,404
148298760488,Thrifty Car Rental | Manchester,https://holacarrentals.com/pages/thrifty-car-rental-manchester-man,thrifty-car-rental-manchester-man,404
148296204584,Thrifty Mietwagen | Manchester,https://holacarrentals.com/de/pages/thrifty-mietwagen-manchester-man,thrifty-mietwagen-manchester-man,404
146632245544,Alquiler Coches Alamo | Texas,https://holacarrentals.com/es-es/pages/alquiler-coches-alamo-texas-iah,alquiler-coches-alamo-texas-iah,404
152102437160,Alquiler Coches Alamo | Toronto,https://holacarrentals.com/es-es/pages/alquiler-coches-alamo-toronto-yyz,alquiler-coches-alamo-toronto-yyz,404
153831637288,Avis Car Hire | Rhode Island,https://holacarrentals.com/en-gb/pages/avis-car-hire-rhode-island-pvd,avis-car-hire-rhode-island-pvd,404
153890619688,Alamo Car Hire | Maine,https://holacarrentals.com/en-gb/pages/alamo-car-hire-maine-pwm,alamo-car-hire-maine-pwm,404
152187502888,Alquiler Camionetas,https://holacarrentals.com/es/pages/alquiler-camionetas,alquiler-camionetas,404
152187371816,Alquiler Furgonetas,https://holacarrentals.com/es/pages/alquiler-furgonetas,alquiler-furgonetas,404
152188059944,Alquiler Minivans,https://holacarrentals.com/es/pages/alquiler-minivans,alquiler-minivans,404
152187535656,Aluguel Minivan,https://holacarrentals.com/pt/pages/aluguel-minivan,aluguel-minivan,404
152188027176,Aluguel SUV,https://holacarrentals.com/pt/pages/aluguel-suv,aluguel-suv,404
152187797800,Aluguel Van,https://holacarrentals.com/pt/pages/aluguel-van,aluguel-van,404
153676874024,Alamo Mietwagen | Der Grand Canyon,https://holacarrentals.com/de/pages/alamo-mietwagen-der-grand-canyon-las,alamo-mietwagen-der-grand-canyon-las,404
153676054824,Alquiler Coches Alamo | El Gran Cañón,https://holacarrentals.com/es-es/pages/alquiler-coches-alamo-el-gran-canon-las,alquiler-coches-alamo-el-gran-canon-las,404
153673433384,Alquiler Autos Alamo | El Gran Cañón,https://holacarrentals.com/es/pages/alquiler-autos-alamo-el-gran-canon-las,alquiler-autos-alamo-el-gran-canon-las,404
153674088744,Location Voiture Alamo | Le Grand Canyon,https://holacarrentals.com/fr/pages/location-voiture-alamo-le-grand-canyon-las,location-voiture-alamo-le-grand-canyon-las,404
153674744104,Noleggio Auto Alamo | Il Grand Canyon,https://holacarrentals.com/it/pages/noleggio-auto-alamo-il-grand-canyon-las,noleggio-auto-alamo-il-grand-canyon-las,404
153676185896,Aluguel Carros Alamo | O Grand Canyon,https://holacarrentals.com/pt/pages/aluguel-carros-alamo-o-grand-canyon-las,aluguel-carros-alamo-o-grand-canyon-las,404
153831014696,Alquiler Coches Avis | Rhode Island,https://holacarrentals.com/es-es/pages/alquiler-coches-avis-rhode-island-pvd,alquiler-coches-avis-rhode-island-pvd,404
153895207208,Alquiler Coches Alamo | Maine,https://holacarrentals.com/es-es/pages/alquiler-coches-alamo-maine-pwm,alquiler-coches-alamo-maine-pwm,404
154199097640,Aluguel Van | Savannah,https://holacarrentals.com/pt/pages/aluguel-van-savannah-sav,aluguel-van-savannah-sav,404
154225312040,Alquiler Coches Avis | Mississippi,https://holacarrentals.com/es-es/pages/alquiler-coches-avis-mississippi-jan,alquiler-coches-avis-mississippi-jan,404
154292355368,Avis Car Hire | Richmond,https://holacarrentals.com/en-gb/pages/avis-car-hire-richmond-ric,avis-car-hire-richmond-ric,404
154321715496,Alamo Car Hire | Louisville,https://holacarrentals.com/en-gb/pages/alamo-car-hire-louisville-sdf,alamo-car-hire-louisville-sdf,404
154354843944,Avis Car Hire | Indianapolis,https://holacarrentals.com/en-gb/pages/avis-car-hire-indianapolis-ind,avis-car-hire-indianapolis-ind,404
154354843944,Avis Car Hire | Indianapolis,https://holacarrentals.com/en-gb/pages/avis-car-hire-indianapolis-ind,avis-car-hire-indianapolis-ind,404
154295304488,Alquiler Coches Avis | Richmond,https://holacarrentals.com/es-es/pages/alquiler-coches-avis-richmond-ric,alquiler-coches-avis-richmond-ric,404
154301694248,Alquiler Coches Alamo | Maryland,https://holacarrentals.com/es-es/pages/alquiler-coches-alamo-maryland-bwi,alquiler-coches-alamo-maryland-bwi,404
148748599592,Alamo Car Hire | Madrid,https://holacarrentals.com/en-gb/pages/alamo-car-hire-madrid-mad,alamo-car-hire-madrid-mad,404
154322698536,Alquiler Coches Alamo | Louisville,https://holacarrentals.com/es-es/pages/alquiler-coches-alamo-louisville-sdf,alquiler-coches-alamo-louisville-sdf,404
148295057704,Alamo Car Hire | Manchester,https://holacarrentals.com/en-gb/pages/alamo-car-hire-manchester-man,alamo-car-hire-manchester-man,404
148298039592,Dollar Car Hire | Manchester,https://holacarrentals.com/en-gb/pages/dollar-car-hire-manchester-man,dollar-car-hire-manchester-man,404
148296040744,Payless Car Hire | Manchester,https://holacarrentals.com/en-gb/pages/payless-car-hire-manchester-man,payless-car-hire-manchester-man,404
148296171816,Thrifty Car Hire | Manchester,https://holacarrentals.com/en-gb/pages/thrifty-car-hire-manchester-man,thrifty-car-hire-manchester-man,404
154357301544,Alquiler Coches Avis | Indianapolis,https://holacarrentals.com/es-es/pages/alquiler-coches-avis-indianapolis-ind,alquiler-coches-avis-indianapolis-ind,404
154353991976,Alquiler Minivans | Indianapolis,https://holacarrentals.com/es/pages/alquiler-minivans-indianapolis-ind,alquiler-minivans-indianapolis-ind,404
154353959208,Aluguel Carros Avis | Indianapolis,https://holacarrentals.com/pt/pages/aluguel-carros-avis-indianapolis-ind,aluguel-carros-avis-indianapolis-ind,404
154356941096,Aluguel Minivan | Indianapolis,https://holacarrentals.com/pt/pages/aluguel-minivan-indianapolis-ind,aluguel-minivan-indianapolis-ind,404
154357301544,Alquiler Coches Avis | Indianapolis,https://holacarrentals.com/es-es/pages/alquiler-coches-avis-indianapolis-ind,alquiler-coches-avis-indianapolis-ind,404
154353991976,Alquiler Minivans | Indianapolis,https://holacarrentals.com/es/pages/alquiler-minivans-indianapolis-ind,alquiler-minivans-indianapolis-ind,404
154353959208,Aluguel Carros Avis | Indianapolis,https://holacarrentals.com/pt/pages/aluguel-carros-avis-indianapolis-ind,aluguel-carros-avis-indianapolis-ind,404
154356941096,Aluguel Minivan | Indianapolis,https://holacarrentals.com/pt/pages/aluguel-minivan-indianapolis-ind,aluguel-minivan-indianapolis-ind,404
153315180840,Avis Car Hire | Regina,https://holacarrentals.com/en-gb/pages/avis-car-hire-regina-yqr,avis-car-hire-regina-yqr,404
152098603304,Alamo Car Hire | Toronto,https://holacarrentals.com/en-gb/pages/alamo-car-hire-toronto-yyz,alamo-car-hire-toronto-yyz,404
